"import_id","supplier_name","material_type","quantity","supplier_batch_code","date_ordered","date_received","created_at","updated_at","notes","location"
1,"ICC","Acetonitrile",8,"P82319","","2018-10-12","2024-12-01 14:06:12.193986+00","2024-12-01 14:06:12.193986+00","Likely used all these drums, check manual count. We only rec. processing dates after ~H11000","new-site"
2,"ICC","Acetonitrile",8,"P83918-1","","2018-10-12","2024-12-01 14:06:12.193986+00","2024-12-01 14:06:12.193986+00","8052","new-site"
74,"Ineos","Diethyl Ether",8,"21503238 42695","","2021-05-21","2024-12-01 14:06:12.193986+00","2024-12-01 14:06:12.193986+00","12205","new-site"
75,"Re-Issue","Pet Spirit 100-140",1,"","","2021-06-08","2024-12-01 14:06:12.193986+00","2024-12-01 14:06:12.193986+00","12213","new-site"
147,"Caldic","Pentane",16,"P0001602","","2022-02-25","2024-12-01 14:06:12.193986+00","2024-12-01 14:06:12.193986+00","13283","new-site"
148,"Tennants","Acetone",12,"501112","","2022-03-08","2024-12-01 14:06:12.193986+00","2024-12-01 14:06:12.193986+00","13299","new-site"
219,"Resource","DCM",80,"250110630","","2023-02-01","2024-12-01 14:06:12.193986+00","2024-12-01 14:06:12.193986+00","14459","new-site"
220,"Inovyn","Chloroform",11,"67-66-3","","2023-02-06","2024-12-01 14:06:12.193986+00","2024-12-01 14:06:12.193986+00","14539","new-site"
221,"Geo Centric","Hexane 99%",60,"T_31020221117-1","","2023-02-15","2024-12-01 14:06:12.193986+00","2024-12-01 14:06:12.193986+00","14550","new-site"
222,"Geo Centric","Heptane 99%",20,"T-70720221115-1","","2023-02-15","2024-12-01 14:06:12.193986+00","2024-12-01 14:06:12.193986+00","14610","new-site"
223,"Promo Chem","CS2",24,"140223ARS","","2023-03-01","2024-12-01 14:06:12.193986+00","2024-12-01 14:06:12.193986+00","14630","new-site"
224,"Caldic","Pentane",12,"BO0009733","","2023-03-03","2024-12-01 14:06:12.193986+00","2024-12-01 14:06:12.193986+00","14654","new-site"
225,"Caldic","Xylene",1,"BO026126","","2023-03-03","2024-12-01 14:06:12.193986+00","2024-12-01 14:06:12.193986+00","14666","new-site"
226,"Caldic","DMF",8,"","","2023-03-06","2024-12-01 14:06:12.193986+00","2024-12-01 14:06:12.193986+00","14667","new-site"
227,"Kimia","Methanol",40,"23/0161/004","","2023-03-09","2024-12-01 14:06:12.193986+00","2024-12-01 14:06:12.193986+00","14675","new-site"
228,"Cladic","Pentane",24,"BO010130","","2023-03-28","2024-12-01 14:06:12.193986+00","2024-12-01 14:06:12.193986+00","14715","new-site"
229,"Ineos","Diethyl Ether",8,"2350060042695","","2023-03-29","2024-12-01 14:06:12.193986+00","2024-12-01 14:06:12.193986+00","14739","new-site"
230,"Caldic","MEG",1,"BO026319","","2023-03-29","2024-12-01 14:06:12.193986+00","2024-12-01 14:06:12.193986+00","14747","new-site"
292,"Kimia","Methanol",24,"23/1787/006","","2023-11-15","2024-12-01 14:06:12.193986+00","2024-12-01 14:06:12.193986+00","15479","new-site"
296,"PROMO","CS2",24,"","","2023-12-05","2024-12-01 14:06:12.193986+00","2024-12-01 14:06:12.193986+00","15587","old-site"
3,"Whyte Ltd","Acetonitrile",40,"190314502B","","2018-08-01","2024-12-01 14:06:12.193986+00","2024-12-01 14:06:12.193986+00","9597","new-site"
4,"Univar","Acetic Acid",24,"GB13257032","","2020-08-05","2024-12-01 14:06:12.193986+00","2024-12-01 14:06:12.193986+00","11091","new-site"
5,"Caldic","Hexane",16,"BO016766","","2020-08-05","2024-12-01 14:06:12.193986+00","2024-12-01 14:06:12.193986+00","11103","new-site"
6,"Caldic","Acetone",16,"BO017333","","2020-08-05","2024-12-01 14:06:12.193986+00","2024-12-01 14:06:12.193986+00","11119","new-site"
7,"Caldic","Ethyl Acetate",4,"BO017337","","2020-08-05","2024-12-01 14:06:12.193986+00","2024-12-01 14:06:12.193986+00","11135","new-site"
8,"Caldic","Toluene",4,"BO017336","","2020-08-05","2024-12-01 14:06:12.193986+00","2024-12-01 14:06:12.193986+00","11139","new-site"
9,"Caldic","DMF",8,"BO017334","","2020-08-05","2024-12-01 14:06:12.193986+00","2024-12-01 14:06:12.193986+00","11143","new-site"
10,"Promochemicals","CS2",24,"2003042670","","2020-08-11","2024-12-01 14:06:12.193986+00","2024-12-01 14:06:12.193986+00","11151","new-site"
11,"Banner","Pentane",24,"168353","","2020-08-12","2024-12-01 14:06:12.193986+00","2024-12-01 14:06:12.193986+00","11175","old-site"
12,"Hayman","Methanol",40,"20/D/548/52","","2020-09-01","2024-12-01 14:06:12.193986+00","2024-12-01 14:06:12.193986+00","11199","new-site"
13,"Hayman","Ethanol",12,"20/1457/C1","","2020-09-01","2024-12-01 14:06:12.193986+00","2024-12-01 14:06:12.193986+00","11239","new-site"
15,"Banner","Ethyl Acetate",4,"108634","","2020-09-24","2024-12-01 14:06:12.193986+00","2024-12-01 14:06:12.193986+00","11255","new-site"
16,"Banner","Acetone",12,"169409","","2020-09-24","2024-12-01 14:06:12.193986+00","2024-12-01 14:06:12.193986+00","11259","new-site"
17,"Banner","DCM",24,"168894","","2020-09-24","2024-12-01 14:06:12.193986+00","2024-12-01 14:06:12.193986+00","11271","new-site"
18,"Koeii","Pyridine",12,"190503","","2020-10-07","2024-12-01 14:06:12.193986+00","2024-12-01 14:06:12.193986+00","11295","new-site"
19,"Hayman","Methanol",40,"20/D/637/53","","2020-10-09","2024-12-01 14:06:12.193986+00","2024-12-01 14:06:12.193986+00","11307","new-site"
20,"Caldic","DMF",12,"BO018115","","2020-10-12","2024-12-01 14:06:12.193986+00","2024-12-01 14:06:12.193986+00","11347","new-site"
21,"Caldic","DCM",7,"BO018117","","2020-10-12","2024-12-01 14:06:12.193986+00","2024-12-01 14:06:12.193986+00","11359","new-site"
22,"Caldic","Chloroform",1,"F819J3KXD1","","2020-10-12","2024-12-01 14:06:12.193986+00","2024-12-01 14:06:12.193986+00","11366","new-site"
23,"Caldic","Xylene",1,"BO018118","","2020-10-12","2024-12-01 14:06:12.193986+00","2024-12-01 14:06:12.193986+00","11367","new-site"
24,"Banner","Pentane",12,"169930","","2020-11-02","2024-12-01 14:06:12.193986+00","2024-12-01 14:06:12.193986+00","11368","new-site"
25,"Banner","Acetone",36,"170427","","2020-11-02","2024-12-01 14:06:12.193986+00","2024-12-01 14:06:12.193986+00","11380","new-site"
26,"Hayman","Ethanol",8,"20/2389/C3","","2020-11-20","2024-12-01 14:06:12.193986+00","2024-12-01 14:06:12.193986+00","11416","new-site"
27,"Hayman","Methanol",40,"20/D728/51","","2020-11-20","2024-12-01 14:06:12.193986+00","2024-12-01 14:06:12.193986+00","11424","new-site"
28,"Banner","Pentane",12,"171832","","2020-11-20","2024-12-01 14:06:12.193986+00","2024-12-01 14:06:12.193986+00","11464","new-site"
29,"Banner","MEK",8,"172180","","2020-11-20","2024-12-01 14:06:12.193986+00","2024-12-01 14:06:12.193986+00","11476","new-site"
30,"Banner","Toluene",4,"170728","","2020-11-20","2024-12-01 14:06:12.193986+00","2024-12-01 14:06:12.193986+00","11484","new-site"
31,"Hayman","Methanol",40,"20/D/723/53","","2020-11-26","2024-12-01 14:06:12.193986+00","2024-12-01 14:06:12.193986+00","11488","new-site"
32,"Oquema","1-2 DCE",8,"EP04238","","2020-11-26","2024-12-01 14:06:12.193986+00","2024-12-01 14:06:12.193986+00","11528","new-site"
33,"Wistema","Acetonitrile",4,"H201363","","2020-11-30","2024-12-01 14:06:12.193986+00","2024-12-01 14:06:12.193986+00","11536","new-site"
34,"Ineos","Acetonitrile",40,"1028864","","2020-12-09","2024-12-01 14:06:12.193986+00","2024-12-01 14:06:12.193986+00","11540","new-site"
35,"Banner","DCM",24,"172356","","2020-01-05","2024-12-01 14:06:12.193986+00","2024-12-01 14:06:12.193986+00","11580","new-site"
36,"Banner","Pentane",12,"112910/a","","2020-01-05","2024-12-01 14:06:12.193986+00","2024-12-01 14:06:12.193986+00","11604","new-site"
37,"Caldic","Ethanol",12,"58433","","2021-01-06","2024-12-01 14:06:12.193986+00","2024-12-01 14:06:12.193986+00","11615","new-site"
38,"Carless","T-Butanol",24,"1020348/a","","2021-01-12","2024-12-01 14:06:12.193986+00","2024-12-01 14:06:12.193986+00","11627","new-site"
39,"Banner","Pentane",12,"112910/b","","2020-01-05","2024-12-01 14:06:12.193986+00","2024-12-01 14:06:12.193986+00","11655","new-site"
40,"Caldic","Pentane",12,"21219595530","","2021-01-20","2024-12-01 14:06:12.193986+00","2024-12-01 14:06:12.193986+00","11657","old-site"
41,"Koei","Pyridine",15,"19061","","2021-01-22","2024-12-01 14:06:12.193986+00","2024-12-01 14:06:12.193986+00","11669","new-site"
42,"Caldic","Ethyl Acetate",8,"BO015344","","2021-01-25","2024-12-01 14:06:12.193986+00","2024-12-01 14:06:12.193986+00","11684","new-site"
43,"Global","Heptane 99%",40,"T-707-20201021-1","","2021-02-04","2024-12-01 14:06:12.193986+00","2024-12-01 14:06:12.193986+00","11692","new-site"
44,"Global","Hexane 99%",40,"T-310-20201026-1","","2021-02-04","2024-12-01 14:06:12.193986+00","2024-12-01 14:06:12.193986+00","11732","new-site"
45,"Banner","Pentane",20,"174000","","2021-02-09","2024-12-01 14:06:12.193986+00","2024-12-01 14:06:12.193986+00","11772","old-site"
46,"Caldic","Toluene",12,"Bo018262","","2021-02-10","2024-12-01 14:06:12.193986+00","2024-12-01 14:06:12.193986+00","11792","new-site"
48,"Caldic","DCM",24,"Bo019234","","2021-02-18","2024-12-01 14:06:12.193986+00","2024-12-01 14:06:12.193986+00","11806","new-site"
50,"Caldic","Ethyl Acetate",12,"Bo019568","","2021-02-18","2024-12-01 14:06:12.193986+00","2024-12-01 14:06:12.193986+00","11854","new-site"
51,"Haltermann","Iso Pentane",4,"","","2021-02-23","2024-12-01 14:06:12.193986+00","2024-12-01 14:06:12.193986+00","11866","old-site"
52,"IMCD/DOR","MTBE",24,"DOR0036415 1968100P","","2021-02-25","2024-12-01 14:06:12.193986+00","2024-12-01 14:06:12.193986+00","11870","new-site"
53,"Brenntag","N Butanol",12,"3622579","","2021-03-02","2024-12-01 14:06:12.193986+00","2024-12-01 14:06:12.193986+00","11894","new-site"
54,"Hayman","Ethanol",8,"21/0015/006","","2021-03-10","2024-12-01 14:06:12.193986+00","2024-12-01 14:06:12.193986+00","11906","new-site"
55,"Hayman","Methanol",4,"21/0147/005","","2021-03-10","2024-12-01 14:06:12.193986+00","2024-12-01 14:06:12.193986+00","11914","new-site"
56,"Hayman","Methanol",36,"21/0147/007","","2021-03-10","2024-12-01 14:06:12.193986+00","2024-12-01 14:06:12.193986+00","11918","new-site"
57,"Inovyn","Chloroform",2,"31109770","","2021-03-02","2024-12-01 14:06:12.193986+00","2024-12-01 14:06:12.193986+00","11954","new-site"
59,"Hayman","Methanol",40,"21/059/005","","2021-04-15","2024-12-01 14:06:12.193986+00","2024-12-01 14:06:12.193986+00","11968","new-site"
60,"Hayman","Ethanol",8,"21/0706/003","","2021-04-15","2024-12-01 14:06:12.193986+00","2024-12-01 14:06:12.193986+00","12008","new-site"
61,"Caldic","Hexane",24,"Bo020152","","2021-04-16","2024-12-01 14:06:12.193986+00","2024-12-01 14:06:12.193986+00","12016","old-site"
62,"Caldic","Toluene",12,"Bo019381","","2021-04-20","2024-12-01 14:06:12.193986+00","2024-12-01 14:06:12.193986+00","12040","new-site"
63,"Caldic","Ethyl Acetate",8,"Bo020194","","2021-04-20","2024-12-01 14:06:12.193986+00","2024-12-01 14:06:12.193986+00","12052","new-site"
65,"Caldic","DCM",24,"Bo019747","","2021-04-20","2024-12-01 14:06:12.193986+00","2024-12-01 14:06:12.193986+00","12080","new-site"
66,"Caldic","Pentane",24,"22151267910","","2021-04-22","2024-12-01 14:06:12.193986+00","2024-12-01 14:06:12.193986+00","12104","new-site"
67,"ICC","Acetonitrile",24,"PO3483-2","","2021-04-26","2024-12-01 14:06:12.193986+00","2024-12-01 14:06:12.193986+00","12128","new-site"
68,"ICC","isobutanol",1,"EP04750","","2021-04-26","2024-12-01 14:06:12.193986+00","2024-12-01 14:06:12.193986+00","12140","new-site"
69,"Resource","Chloroform",20,"TAP210415R","","2021-04-30","2024-12-01 14:06:12.193986+00","2024-12-01 14:06:12.193986+00","12153","new-site"
70,"Resource","DCM",4,"TAP210422M","","2021-04-30","2024-12-01 14:06:12.193986+00","2024-12-01 14:06:12.193986+00","12173","new-site"
71,"NCC","THF",4,"AD18092633","","2021-05-14","2024-12-01 14:06:12.193986+00","2024-12-01 14:06:12.193986+00","12177","old-site"
72,"NCC","THF",4,"AD19030167","","2021-05-14","2024-12-01 14:06:12.193986+00","2024-12-01 14:06:12.193986+00","12180","old-site"
73,"banner","IsoHexane",24,"177662","","2021-05-17","2024-12-01 14:06:12.193986+00","2024-12-01 14:06:12.193986+00","12181","old-site"
64,"Caldic","Acetone",20,"Bo01963-701","","2021-04-20","2024-12-01 14:06:12.193986+00","2024-12-01 14:06:12.193986+00","12060","new-site"
14,"Banner","Cyclohexane",4,"168890","","2020-09-24","2024-12-01 14:06:12.193986+00","2024-12-01 14:06:12.193986+00","11251","new-site"
76,"Hayman","Ethanol",8,"21/0156/005","","2021-06-18","2024-12-01 14:06:12.193986+00","2024-12-01 14:06:12.193986+00","12214","new-site"
77,"Hayman","Methanol",40,"21/1011/004","","2021-06-18","2024-12-01 14:06:12.193986+00","2024-12-01 14:06:12.193986+00","12222","new-site"
78,"Oqema","Acetonitrile",40,"210412501B","","2021-06-25","2024-12-01 14:06:12.193986+00","2024-12-01 14:06:12.193986+00","12262","new-site"
79,"Not Recorded","Diisopropyl Ether",1,"","","2021-06-29","2024-12-01 14:06:12.193986+00","2024-12-01 14:06:12.193986+00","12302","new-site"
80,"Solventis","THF",28,"MN03112","","2021-06-29","2024-12-01 14:06:12.193986+00","2024-12-01 14:06:12.193986+00","12303","new-site"
81,"Banner","DCM",12,"178515","","2021-07-05","2024-12-01 14:06:12.193986+00","2024-12-01 14:06:12.193986+00","12327","new-site"
82,"banner","Acetone",12,"17837","","2021-07-06","2024-12-01 14:06:12.193986+00","2024-12-01 14:06:12.193986+00","12339","new-site"
83,"banner","Ethyl Acetate",12,"179072","","2021-07-06","2024-12-01 14:06:12.193986+00","2024-12-01 14:06:12.193986+00","12351","new-site"
84,"Banner","DMF",8,"178118","","2021-07-06","2024-12-01 14:06:12.193986+00","2024-12-01 14:06:12.193986+00","12364","new-site"
85,"Kimia/Hayman","Methanol",8,"1994082","","2021-07-09","2024-12-01 14:06:12.193986+00","2024-12-01 14:06:12.193986+00","12371","new-site"
86,"Kimia/Hayman","Methanol",8,"2121458","","2021-07-09","2024-12-01 14:06:12.193986+00","2024-12-01 14:06:12.193986+00","12379","new-site"
87,"Kimia/Hayman","IPA",16,"2107588","","2021-07-09","2024-12-01 14:06:12.193986+00","2024-12-01 14:06:12.193986+00","12387","new-site"
88,"Caldic","Pentane",24,"22211286530 22261294740","","2021-07-13","2024-12-01 14:06:12.193986+00","2024-12-01 14:06:12.193986+00","12403","old-site"
89,"Inovyn","DCM",8,"210422M","","2021-07-14","2024-12-01 14:06:12.193986+00","2024-12-01 14:06:12.193986+00","12427","new-site"
91,"Caldic","Hexane",20,"BO020384","","2021-07-15","2024-12-01 14:06:12.193986+00","2024-12-01 14:06:12.193986+00","12436","new-site"
92,"Promochem","CS2",24,"200904660","","2021-07-28","2024-12-01 14:06:12.193986+00","2024-12-01 14:06:12.193986+00","12456","new-site"
93,"Promochem","Carbon Disulphide",24,"2009041660","","2021-07-28","2024-12-01 14:06:12.193986+00","2024-12-01 14:06:12.193986+00","12457","new-site"
94,"Robinson Bros","Piperidine",1,"10132 1212019","","2021-07-28","2024-12-01 14:06:12.193986+00","2024-12-01 14:06:12.193986+00","12480","new-site"
95,"Inovyn","Dichloromethane",28,"TAP210713M","","2021-08-12","2024-12-01 14:06:12.193986+00","2024-12-01 14:06:12.193986+00","12481","new-site"
96,"Kimia","Methanol",80,"2163545","","2021-08-16","2024-12-01 14:06:12.193986+00","2024-12-01 14:06:12.193986+00","12509","new-site"
97,"Univar","Acetic Acid",24,"2018295","","2021-08-16","2024-12-01 14:06:12.193986+00","2024-12-01 14:06:12.193986+00","12589","new-site"
98,"Hayman","Ethanol",12,"21/1514/006","","2021-09-06","2024-12-01 14:06:12.193986+00","2024-12-01 14:06:12.193986+00","12613","new-site"
99,"Banner","Toluene",16,"181574","","2021-09-17","2024-12-01 14:06:12.193986+00","2024-12-01 14:06:12.193986+00","12625","new-site"
100,"Banner","Acetone",24,"182172","","2021-09-17","2024-12-01 14:06:12.193986+00","2024-12-01 14:06:12.193986+00","12641","new-site"
101,"Caldic","Pentane",20,"1298730\a","","2021-09-30","2024-12-01 14:06:12.193986+00","2024-12-01 14:06:12.193986+00","12665","old-site"
102,"Efkay","n-Octanol",2,"21474285/a","","2021-10-05","2024-12-01 14:06:12.193986+00","2024-12-01 14:06:12.193986+00","12685","new-site"
103,"Inovyn","Chloroform",12,"210728F","","2021-10-06","2024-12-01 14:06:12.193986+00","2024-12-01 14:06:12.193986+00","12687","new-site"
104,"Caldic","Dichloromethane",24,"BO021080","","2021-10-08","2024-12-01 14:06:12.193986+00","2024-12-01 14:06:12.193986+00","12699","new-site"
105,"Caldic","Dichloromethane",24,"BO0021080","","2021-10-08","2024-12-01 14:06:12.193986+00","2024-12-01 14:06:12.193986+00","12700","new-site"
107,"Caldic","MEG",2,"BO021752","","2021-10-08","2024-12-01 14:06:12.193986+00","2024-12-01 14:06:12.193986+00","12731","new-site"
108,"Ineos","Diethyl Ether",2,"43542709","","2021-10-12","2024-12-01 14:06:12.193986+00","2024-12-01 14:06:12.193986+00","12733","new-site"
109,"Inovyn","DCM",8,"210804M","","2021-10-14","2024-12-01 14:06:12.193986+00","2024-12-01 14:06:12.193986+00","12735","new-site"
110,"Caldic","DCM",24,"BO021467","","2021-10-14","2024-12-01 14:06:12.193986+00","2024-12-01 14:06:12.193986+00","12743","new-site"
111,"Caldic","Ethyl Acetate",12,"SO054668","","2021-10-19","2024-12-01 14:06:12.193986+00","2024-12-01 14:06:12.193986+00","12767","new-site"
112,"Caldic","Hexane",16,"BO021839","","2021-10-19","2024-12-01 14:06:12.193986+00","2024-12-01 14:06:12.193986+00","12779","new-site"
113,"Ineos","Diethyl Ether",8,"90242695","","2021-10-19","2024-12-01 14:06:12.193986+00","2024-12-01 14:06:12.193986+00","12795","old-site"
114,"Oquema","Acetonitrile",40,"210730502B","","2021-10-28","2024-12-01 14:06:12.193986+00","2024-12-01 14:06:12.193986+00","12803","new-site"
115,"Caldic","Ethanol",12,"SO054134","","2021-10-28","2024-12-01 14:06:12.193986+00","2024-12-01 14:06:12.193986+00","12843","new-site"
116,"Kimia","Methanol",12,"21/2195/008","","2021-11-04","2024-12-01 14:06:12.193986+00","2024-12-01 14:06:12.193986+00","12855","new-site"
117,"Kimia","2-Propanol",12,"21/2587/016","","2021-11-04","2024-12-01 14:06:12.193986+00","2024-12-01 14:06:12.193986+00","12867","new-site"
118,"Caldic","Pentane",20,"1298730\b","","2021-11-11","2024-12-01 14:06:12.193986+00","2024-12-01 14:06:12.193986+00","12879","new-site"
119,"Caldic","Dichloromethane",24,"BO022062","","2021-11-11","2024-12-01 14:06:12.193986+00","2024-12-01 14:06:12.193986+00","12899","new-site"
120,"Resource","Dichloromethane",8,"251010358","","2021-11-12","2024-12-01 14:06:12.193986+00","2024-12-01 14:06:12.193986+00","12923","new-site"
121,"Banner","MEK",12,"184193","","2021-11-18","2024-12-01 14:06:12.193986+00","2024-12-01 14:06:12.193986+00","12931","new-site"
122,"Banner","Dimethylformamide",4,"183152","","2021-11-18","2024-12-01 14:06:12.193986+00","2024-12-01 14:06:12.193986+00","12943","new-site"
123,"Caldic","Dimethylformamide",8,"23461324670","","2021-11-25","2024-12-01 14:06:12.193986+00","2024-12-01 14:06:12.193986+00","12947","new-site"
124,"Caldic","Dimethylformamide",8,"23461234670","","2021-11-25","2024-12-01 14:06:12.193986+00","2024-12-01 14:06:12.193986+00","12950","new-site"
125,"Air product","Dimethylformamide",8,"P103L03B25","","2021-11-25","2024-12-01 14:06:12.193986+00","2024-12-01 14:06:12.193986+00","12951","new-site"
126,"Charles Tennant","Ethyl Acetate",12,"605231","","2021-12-07","2024-12-01 14:06:12.193986+00","2024-12-01 14:06:12.193986+00","12955","new-site"
127,"Charles Tennant","Acetone",12,"505661","","2021-12-13","2024-12-01 14:06:12.193986+00","2024-12-01 14:06:12.193986+00","12967","new-site"
128,"Efkay","n-Octanol",1,"21474285/b","","2021-12-13","2024-12-01 14:06:12.193986+00","2024-12-01 14:06:12.193986+00","12979","new-site"
129,"Oqema","Tetrahydrofuran",8,"221A08BC","","2022-01-05","2024-12-01 14:06:12.193986+00","2024-12-01 14:06:12.193986+00","12980","old-site"
130,"Tennents","Methanol",16,"606661","","2022-01-07","2024-12-01 14:06:12.193986+00","2024-12-01 14:06:12.193986+00","12988","new-site"
131,"Kimia","Methanol",40,"22-0029-001","","2022-01-13","2024-12-01 14:06:12.193986+00","2024-12-01 14:06:12.193986+00","13004","new-site"
133,"Resource","DCM",8,"C2AP22017A","","2022-01-27","2024-12-01 14:06:12.193986+00","2024-12-01 14:06:12.193986+00","13056","new-site"
134,"Banner","Acetone",16,"185329","","2022-01-28","2024-12-01 14:06:12.193986+00","2024-12-01 14:06:12.193986+00","13064","new-site"
135,"Inovyn","DCM",40,"70110373","","2022-02-02","2024-12-01 14:06:12.193986+00","2024-12-01 14:06:12.193986+00","13080","new-site"
136,"Banner","Methylcyclohexane",1,"","","2022-02-02","2024-12-01 14:06:12.193986+00","2024-12-01 14:06:12.193986+00","13120","new-site"
137,"Caldic","Pentane",20,"P0001223","","2022-02-07","2024-12-01 14:06:12.193986+00","2024-12-01 14:06:12.193986+00","13121","old-site"
138,"Oqema","Tetrahydrofuran",16,"","","2022-02-08","2024-12-01 14:06:12.193986+00","2024-12-01 14:06:12.193986+00","13141","old-site"
139," Kimia","2-Propanol",12,"22/0102/004","","2022-02-15","2024-12-01 14:06:12.193986+00","2024-12-01 14:06:12.193986+00","13157","new-site"
140," Kimia","Ethanol",12,"22/0058/005","","2022-02-15","2024-12-01 14:06:12.193986+00","2024-12-01 14:06:12.193986+00","13169","new-site"
141,"Ineos","Diethyl Eher",3,"21510185","","2022-02-15","2024-12-01 14:06:12.193986+00","2024-12-01 14:06:12.193986+00","13181","old-site"
142,"Tennants","Methanol",16,"501042","","2022-02-23","2024-12-01 14:06:12.193986+00","2024-12-01 14:06:12.193986+00","13184","new-site"
143,"Tennants","2-Propanol",4,"506091","","2022-02-23","2024-12-01 14:06:12.193986+00","2024-12-01 14:06:12.193986+00","13200","new-site"
144,"Banner","Pentane",15,"186587","","2022-02-23","2024-12-01 14:06:12.193986+00","2024-12-01 14:06:12.193986+00","13204","new-site"
145,"ICC","Acetonitrile",40,"P16165","","2022-02-24","2024-12-01 14:06:12.193986+00","2024-12-01 14:06:12.193986+00","13219","new-site"
146,"Caldic","Hexane",24,"BO021911","","2022-02-25","2024-12-01 14:06:12.193986+00","2024-12-01 14:06:12.193986+00","13259","new-site"
106,"Caldic","Cyclohexane",8,"BO021665","","2021-10-08","2024-12-01 14:06:12.193986+00","2024-12-01 14:06:12.193986+00","12723","new-site"
149,"Tennants","Ethyl Acetate",12,"","","2022-03-09","2024-12-01 14:06:12.193986+00","2024-12-01 14:06:12.193986+00","13311","new-site"
150,"Tennants","Acetone",24,"601722/a","","2022-03-16","2024-12-01 14:06:12.193986+00","2024-12-01 14:06:12.193986+00","13323","new-site"
151,"Univar","Acetic Acid",16,"GB13357679","","2022-03-28","2024-12-01 14:06:12.193986+00","2024-12-01 14:06:12.193986+00","13347","new-site"
152,"Tennants","Methanol",80,"601722/b","","2022-03-29","2024-12-01 14:06:12.193986+00","2024-12-01 14:06:12.193986+00","13362","new-site"
153,"Tennants","Ethyl Acetate",16,"710422","","2022-04-01","2024-12-01 14:06:12.193986+00","2024-12-01 14:06:12.193986+00","13443","new-site"
154,"BASF","Methyl Formate",3,"51275367","","2022-04-06","2024-12-01 14:06:12.193986+00","2024-12-01 14:06:12.193986+00","13455","new-site"
155,"Ineos","Diethyl Ether",8,"22501984 42695","","2022-04-06","2024-12-01 14:06:12.193986+00","2024-12-01 14:06:12.193986+00","13458","old-site"
156,"Oqema","Acetonitrile",35,"210525502B","","2022-04-06","2024-12-01 14:06:12.193986+00","2024-12-01 14:06:12.193986+00","13466","new-site"
157,"Banner","Toluene",4,"188968","","2022-04-11","2024-12-01 14:06:12.193986+00","2024-12-01 14:06:12.193986+00","13517","new-site"
158,"Banner","Toluene",12,"188184","","2022-04-11","2024-12-01 14:06:12.193986+00","2024-12-01 14:06:12.193986+00","13521","new-site"
159,"Tennant","N-Butanol",6,"190/03/22","","2022-04-12","2024-12-01 14:06:12.193986+00","2024-12-01 14:06:12.193986+00","13533","new-site"
160,"Kimia","Methanol",40,"22/0832/001","","2022-04-12","2024-12-01 14:06:12.193986+00","2024-12-01 14:06:12.193986+00","13539","new-site"
161,"Promo Chemicals","Cs2",24,"2109040960","","2022-04-26","2024-12-01 14:06:12.193986+00","2024-12-01 14:06:12.193986+00","13579","old-site"
162,"Careless","TMP",16,"49474","","2022-05-03","2024-12-01 14:06:12.193986+00","2024-12-01 14:06:12.193986+00","13603","new-site"
163,"Kimia","Ethanol",12,"22/0776/001 ","","2022-05-05","2024-12-01 14:06:12.193986+00","2024-12-01 14:06:12.193986+00","13619","new-site"
164,"Oqema","1,2 Dimethoxtethane",4,"","","2022-05-20","2024-12-01 14:06:12.193986+00","2024-12-01 14:06:12.193986+00","13631","old-site"
165,"Caldic","Acetone",12,"119251","","2022-05-30","2024-12-01 14:06:12.193986+00","2024-12-01 14:06:12.193986+00","13635","new-site"
166,"Caldic","Tetrachloroethylene",4,"118964","","2022-05-30","2024-12-01 14:06:12.193986+00","2024-12-01 14:06:12.193986+00","13647","new-site"
167,"Clariant","1,2 Dimethoxyethane",4,"1166552/a","","2022-06-01","2024-12-01 14:06:12.193986+00","2024-12-01 14:06:12.193986+00","13651","old-site"
168,"UNIVAR","Acetic Acid",12,"GB11380538","","2022-06-09","2024-12-01 14:06:12.193986+00","2024-12-01 14:06:12.193986+00","13655","old-site"
169,"caldic","Pentane",24,"BO003277","","2022-06-14","2024-12-01 14:06:12.193986+00","2024-12-01 14:06:12.193986+00","13667","old-site"
170,"Kimia","2-Propanol",16,"22/1377/005","","2022-06-20","2024-12-01 14:06:12.193986+00","2024-12-01 14:06:12.193986+00","13691","new-site"
171,"Tennants","Ethyl Acetate",16,"703392/a","","2022-06-22","2024-12-01 14:06:12.193986+00","2024-12-01 14:06:12.193986+00","13707","new-site"
172,"Tennants","Ethyl Acetate",16,"602552","","2022-06-22","2024-12-01 14:06:12.193986+00","2024-12-01 14:06:12.193986+00","13715","new-site"
173,"Univar","Acetic Acid",28,"GB11385045","","2022-06-24","2024-12-01 14:06:12.193986+00","2024-12-01 14:06:12.193986+00","13723","new-site"
174,"Ineos","Diethyl Ether",8,"2250572442695","","2022-07-12","2024-12-01 14:06:12.193986+00","2024-12-01 14:06:12.193986+00","13751","old-site"
175,"Inovyn","Dichloromethane",16,"211210","","2022-07-12","2024-12-01 14:06:12.193986+00","2024-12-01 14:06:12.193986+00","13759","new-site"
176,"Kimia","Ethanol",12,"22/1759/004","","2022-07-15","2024-12-01 14:06:12.193986+00","2024-12-01 14:06:12.193986+00","13775","new-site"
177,"Clariant","Methyl Formate",1,"76278224U0","","2022-07-20","2024-12-01 14:06:12.193986+00","2024-12-01 14:06:12.193986+00","13787","new-site"
178,"Resource/Innovyn","Chloroform",12,"TAP210728F","","2022-08-05","2024-12-01 14:06:12.193986+00","2024-12-01 14:06:12.193986+00","13788","new-site"
179,"Caldic","ISOHEXANE",28,"122175/a","","2022-08-08","2024-12-01 14:06:12.193986+00","2024-12-01 14:06:12.193986+00","13800","old-site"
180,"Oquema","1,2 Dimethoxyethane",2,"1166552/b","","2022-08-08","2024-12-01 14:06:12.193986+00","2024-12-01 14:06:12.193986+00","13828","old-site"
181,"Resource/Innovynn","DCM",40,"TAP220712P","","2022-08-10","2024-12-01 14:06:12.193986+00","2024-12-01 14:06:12.193986+00","13830","new-site"
182,"Caldic","Hexane",24,"BO023826","","2022-08-10","2024-12-01 14:06:12.193986+00","2024-12-01 14:06:12.193986+00","13870","old-site"
183,"Oqema (ICC)","Acetonitrile",40,"220511502B","","2022-08-15","2024-12-01 14:06:12.193986+00","2024-12-01 14:06:12.193986+00","13894","new-site"
184,"Caldic","Pentane",24,"BO005666","","2022-08-18","2024-12-01 14:06:12.193986+00","2024-12-01 14:06:12.193986+00","13934","old-site"
185,"Ineos","n_Butanol",12,"22O0062","","2022-08-24","2024-12-01 14:06:12.193986+00","2024-12-01 14:06:12.193986+00","13958","old-site"
186,"Tennants","MEK",12,"704512","","2022-09-14","2024-12-01 14:06:12.193986+00","2024-12-01 14:06:12.193986+00","13970","new-site"
187,"Tennants","Ethyl Acetate",12,"703392/b","","2022-09-14","2024-12-01 14:06:12.193986+00","2024-12-01 14:06:12.193986+00","13982","new-site"
188,"NCC","Dimethylsulphoxide",4,"009-220308M","","2022-09-14","2024-12-01 14:06:12.193986+00","2024-12-01 14:06:12.193986+00","13994","new-site"
189,"Kimia","Methanol",36,"22/2224-003/a","","2022-09-16","2024-12-01 14:06:12.193986+00","2024-12-01 14:06:12.193986+00","13998","new-site"
190,"Efkay","Octanol",4,"21474285/c","","2022-09-22","2024-12-01 14:06:12.193986+00","2024-12-01 14:06:12.193986+00","14034","new-site"
191,"Kimia","Methanol",4,"22/2224-003/b","","2022-09-16","2024-12-01 14:06:12.193986+00","2024-12-01 14:06:12.193986+00","14038","new-site"
193,"Kimia","2-Propanol",16,"22/2336/002","","2022-10-03","2024-12-01 14:06:12.193986+00","2024-12-01 14:06:12.193986+00","14054","new-site"
194,"Caldic","Pentane",24,"BO006194","","2022-10-13","2024-12-01 14:06:12.193986+00","2024-12-01 14:06:12.193986+00","14070","old-site"
195,"Tennants","Ethyl Acetate",16,"605677","","2022-10-21","2024-12-01 14:06:12.193986+00","2024-12-01 14:06:12.193986+00","14094","new-site"
196,"Kimia","Methanol",40,"22/2466/004","","2022-11-03","2024-12-01 14:06:12.193986+00","2024-12-01 14:06:12.193986+00","14110","new-site"
197,"Kimia","Ethanol",8,"22/2593001","","2022-11-03","2024-12-01 14:06:12.193986+00","2024-12-01 14:06:12.193986+00","14150","new-site"
198,"Promo Chemicals","cs2",24,"2204042670","","2022-11-09","2024-12-01 14:06:12.193986+00","2024-12-01 14:06:12.193986+00","14158","old-site"
199,"mater biopolymer","Tetrahydrofuran",4,"22G13103P","","2022-11-09","2024-12-01 14:06:12.193986+00","2024-12-01 14:06:12.193986+00","14182","old-site"
200,"Inovyn","Dichloromethane",20,"280710538","","2022-11-11","2024-12-01 14:06:12.193986+00","2024-12-01 14:06:12.193986+00","14186","new-site"
201,"REPLACED ID","Dichlorobenzene",1,"","","2022-11-15","2024-12-01 14:06:12.193986+00","2024-12-01 14:06:12.193986+00","14206","new-site"
202,"ICC","Acetonitrile",40,"220713502B","","2022-11-22","2024-12-01 14:06:12.193986+00","2024-12-01 14:06:12.193986+00","14207","new-site"
203,"Robinson Bros","Piperidine",2,"101321222035","","2022-11-22","2024-12-01 14:06:12.193986+00","2024-12-01 14:06:12.193986+00","14247","new-site"
204,"Ineos","Diethyl Ether",8,"2251039142695","","2022-11-22","2024-12-01 14:06:12.193986+00","2024-12-01 14:06:12.193986+00","14249","old-site"
205,"Caldic","Hexane",24,"SO065337","","2022-12-20","2024-12-01 14:06:12.193986+00","2024-12-01 14:06:12.193986+00","14257","new-site"
206,"Banner","Methyl Acetate",2,"196872","","2022-12-20","2024-12-01 14:06:12.193986+00","2024-12-01 14:06:12.193986+00","14281","new-site"
207,"Caldic","Pentane",24,"BO008466","","2022-12-20","2024-12-01 14:06:12.193986+00","2024-12-01 14:06:12.193986+00","14283","old-site"
208,"Nan-Ya","THF",24,"THF222B01A1","","2023-01-12","2024-12-01 14:06:12.193986+00","2024-12-01 14:06:12.193986+00","14307","old-site"
209,"Banner","DCM",12,"195322","","2023-01-13","2024-12-01 14:06:12.193986+00","2024-12-01 14:06:12.193986+00","14331","new-site"
210,"Kimia","Methanol",16,"23/0029/001","","2023-01-16","2024-12-01 14:06:12.193986+00","2024-12-01 14:06:12.193986+00","14343","new-site"
211,"Kimia","2-Propanol",8,"22/2576/005","","2023-01-16","2024-12-01 14:06:12.193986+00","2024-12-01 14:06:12.193986+00","14359","new-site"
212,"Kimia","Ethanol",8,"22/2529/006","","2023-01-16","2024-12-01 14:06:12.193986+00","2024-12-01 14:06:12.193986+00","14367","new-site"
213,"BASF","Methyl Formate",4,"16913168","","2023-01-18","2024-12-01 14:06:12.193986+00","2024-12-01 14:06:12.193986+00","14375","new-site"
214,"Banner","Acetone",12,"196605","","2023-01-18","2024-12-01 14:06:12.193986+00","2024-12-01 14:06:12.193986+00","14379","new-site"
215,"Tennants","Toluene",12,"761/01/23","","2023-01-19","2024-12-01 14:06:12.193986+00","2024-12-01 14:06:12.193986+00","14391","new-site"
217,"Tennants","Acetone",24,"706762","","2023-01-19","2024-12-01 14:06:12.193986+00","2024-12-01 14:06:12.193986+00","14411","new-site"
218,"Kimia","Methanol",24,"23/0029/006","","2023-01-25","2024-12-01 14:06:12.193986+00","2024-12-01 14:06:12.193986+00","14435","new-site"
231,"Kimia","Ethanol",8,"230575003","","2023-04-05","2024-12-01 14:06:12.193986+00","2024-12-01 14:06:12.193986+00","14748","new-site"
232,"Kimia","IPA",8,"230144009","","2023-04-05","2024-12-01 14:06:12.193986+00","2024-12-01 14:06:12.193986+00","14756","new-site"
233,"ICC","Acetonitrile",40,"221201502B","","2023-04-11","2024-12-01 14:06:12.193986+00","2024-12-01 14:06:12.193986+00","14764","new-site"
234,"Univar","Acetic Acid",10,"1020348/b","","2023-04-17","2024-12-01 14:06:12.193986+00","2024-12-01 14:06:12.193986+00","14804","new-site"
235,"Shangdong","DMF",8,"20221212","","2023-04-19","2024-12-01 14:06:12.193986+00","2024-12-01 14:06:12.193986+00","14814","new-site"
236,"Tennants","Ethyl Acetate",12,"700983","","2023-04-20","2024-12-01 14:06:12.193986+00","2024-12-01 14:06:12.193986+00","14822","new-site"
237,"Tennants","Toluene",8,"770/04/23","","2023-04-20","2024-12-01 14:06:12.193986+00","2024-12-01 14:06:12.193986+00","14834","new-site"
238,"KIMIA","Methanol",40,"23/0622/005","","2023-05-02","2024-12-01 14:06:12.193986+00","2024-12-01 14:06:12.193986+00","14842","new-site"
239,"Univar","Acetic Acid",14,"BG11417287","","2023-05-09","2024-12-01 14:06:12.193986+00","2024-12-01 14:06:12.193986+00","14882","new-site"
240,"Caldic","Hexane",24,"BO025636","","2023-05-09","2024-12-01 14:06:12.193986+00","2024-12-01 14:06:12.193986+00","14896","new-site"
241,"Brenntag","Methanol",8,"7013","","2023-06-05","2024-12-01 14:06:12.193986+00","2024-12-01 14:06:12.193986+00","14920","new-site"
242,"Brenntag","Acetonitrile",4,"30K201","","2023-06-05","2024-12-01 14:06:12.193986+00","2024-12-01 14:06:12.193986+00","14928","new-site"
243,"Tennants","Methanol",12,"402723","","2023-06-09","2024-12-01 14:06:12.193986+00","2024-12-01 14:06:12.193986+00","14932","new-site"
244,"Kimia","Methanol",40,"23/0622/008","","2023-06-19","2024-12-01 14:06:12.193986+00","2024-12-01 14:06:12.193986+00","14944","new-site"
245,"Kimia","2-Propanol",12,"23/1099/006","","2023-06-19","2024-12-01 14:06:12.193986+00","2024-12-01 14:06:12.193986+00","14984","new-site"
246,"Tennants","Methanol",12,"502883","","2023-06-21","2024-12-01 14:06:12.193986+00","2024-12-01 14:06:12.193986+00","14996","new-site"
247,"Tennants","MIBK",1,"147/04/23","","2023-06-21","2024-12-01 14:06:12.193986+00","2024-12-01 14:06:12.193986+00","15008","new-site"
260,"Haltermann","TMP",16,"57659","","2023-07-12","2024-12-01 14:06:12.193986+00","2024-12-01 14:06:12.193986+00","15021","new-site"
261,"Brenntag","Acetonitrile",40,"3708531","","2023-07-14","2024-12-01 14:06:12.193986+00","2024-12-01 14:06:12.193986+00","15037","new-site"
262,"Kimia","Ethanol",12,"23/1382/001","","2023-07-18","2024-12-01 14:06:12.193986+00","2024-12-01 14:06:12.193986+00","15077","new-site"
263,"Kimia","Methanol",40,"23/1347/002","","2023-07-18","2024-12-01 14:06:12.193986+00","2024-12-01 14:06:12.193986+00","15089","new-site"
264,"Tennants","MIBK",1,"147/04/2023","","2023-07-17","2024-12-01 14:06:12.193986+00","2024-12-01 14:06:12.193986+00","15129","new-site"
265,"WWM (Ineos)","Acetonitrile",24,"1012056","","2023-07-21","2024-12-01 14:06:12.193986+00","2024-12-01 14:06:12.193986+00","15130","new-site"
266,"Caldic","Pentane",24,"BO11921","","2023-07-25","2024-12-01 14:06:12.193986+00","2024-12-01 14:06:12.193986+00","15154","new-site"
267,"Tennants","Acetone",16,"703123","","2023-08-17","2024-12-01 14:06:12.193986+00","2024-12-01 14:06:12.193986+00","15178","new-site"
268,"Tennants","Ethyl Acetate",16,"603483","","2023-08-17","2024-12-01 14:06:12.193986+00","2024-12-01 14:06:12.193986+00","15194","new-site"
269,"Tennants","Toluene",8,"780/07/23","","2023-08-17","2024-12-01 14:06:12.193986+00","2024-12-01 14:06:12.193986+00","15210","new-site"
270,"Inovyn","DCM",40,"230228P","","2023-09-05","2024-12-01 14:06:12.193986+00","2024-12-01 14:06:12.193986+00","15218","new-site"
271,"Univar","Acetic Acid",24,"GB11445583","","2023-09-11","2024-12-01 14:06:12.193986+00","2024-12-01 14:06:12.193986+00","15258","new-site"
272,"Halterman","iso-Pentane",2,"205331","","2023-09-13","2024-12-01 14:06:12.193986+00","2024-12-01 14:06:12.193986+00","15282","new-site"
273,"Kimia","2-Propanol",8,"23/1695/006","","2023-09-13","2024-12-01 14:06:12.193986+00","2024-12-01 14:06:12.193986+00","15284","new-site"
274,"Kimia","Methanol",44,"23/1787/001","","2023-09-13","2024-12-01 14:06:12.193986+00","2024-12-01 14:06:12.193986+00","15292","new-site"
275,"Kimia","2-Pronanol",12,"23/1695/009","","2023-09-13","2024-12-01 14:06:12.193986+00","2024-12-01 14:06:12.193986+00","15308","new-site"
276,"Kimia","Methanol",40,"23/1787/002","","2023-09-13","2024-12-01 14:06:12.193986+00","2024-12-01 14:06:12.193986+00","15309","new-site"
277,"Kimia","2-Propanol",12,"23/1695/010","","2023-09-13","2024-12-01 14:06:12.193986+00","2024-12-01 14:06:12.193986+00","15310","new-site"
278,"Kimia","Methanol",40,"23/1787/003","","2023-09-13","2024-12-01 14:06:12.193986+00","2024-12-01 14:06:12.193986+00","15311","new-site"
279,"Kimia","2-Propanol",12,"23/1695/007","","2023-09-13","2024-12-01 14:06:12.193986+00","2024-12-01 14:06:12.193986+00","15312","new-site"
280,"Kimia","Methanol",40,"23/1787/004","","2023-09-13","2024-12-01 14:06:12.193986+00","2024-12-01 14:06:12.193986+00","15314","new-site"
281,"Not Recorded","NMP",1,"","","2023-09-20","2024-12-01 14:06:12.193986+00","2024-12-01 14:06:12.193986+00","15336","new-site"
282,"Caldic","Pentane",24,"","","2023-09-26","2024-12-01 14:06:12.193986+00","2024-12-01 14:06:12.193986+00","15337","new-site"
283,"Caldic","Iso-Hexane",24,"122175/b","","2023-10-02","2024-12-01 14:06:12.193986+00","2024-12-01 14:06:12.193986+00","15361","new-site"
284,"Caldic","MEG",2,"113195","","2023-10-09","2024-12-01 14:06:12.193986+00","2024-12-01 14:06:12.193986+00","15385","new-site"
285,"Rathburn","60-80 PS",1,"","","2023-10-25","2024-12-01 14:06:12.193986+00","2024-12-01 14:06:12.193986+00","15387","new-site"
286,"Nan-Ya","Tetrahydrofuran",11,"223703A1","","2023-10-25","2024-12-01 14:06:12.193986+00","2024-12-01 14:06:12.193986+00","15388","old-site"
287,"Oquema","DMF",16,"20230323","","2023-10-25","2024-12-01 14:06:12.193986+00","2024-12-01 14:06:12.193986+00","15399","new-site"
288,"Ineos","Diethyl Ether",8,"4350940542695","","2023-10-24","2024-12-01 14:06:12.193986+00","2024-12-01 14:06:12.193986+00","15415","new-site"
289,"Caldic","Hexane",24,"BO027595","","2023-11-06","2024-12-01 14:06:12.193986+00","2024-12-01 14:06:12.193986+00","15423","new-site"
290,"Oquema","Pentane",8,"PN-EN27941","","2023-11-09","2024-12-01 14:06:12.193986+00","2024-12-01 14:06:12.193986+00","15447","new-site"
291,"Tennants","Acetone",24,"405193","","2023-11-15","2024-12-01 14:06:12.193986+00","2024-12-01 14:06:12.193986+00","15455","new-site"
293,"Kimia","2-Propanol",12,"23/2233/002","","2023-11-15","2024-12-01 14:06:12.193986+00","2024-12-01 14:06:12.193986+00","15503","new-site"
294,"Brentagg","Acetonitrile",40,"","","2023-11-24","2024-12-01 14:06:12.193986+00","2024-12-01 14:06:12.193986+00","15515","new-site"
295,"Brentagg","Acetonitrile",32,"IOR-23-05164","","2023-11-30","2024-12-01 14:06:12.193986+00","2024-12-01 14:06:12.193986+00","15555","new-site"
297,"Pharma","CS2",24,"","","2023-12-05","2024-12-01 14:06:12.193986+00","2024-12-01 14:06:12.193986+00","15600","old-site"
298,"Inovyn","Dichloromethane",40,"231120M","","2023-12-12","2024-12-01 14:06:12.193986+00","2024-12-01 14:06:12.193986+00","15611","new-site"
299,"Inovyn","Chloroform",12,"230228F","","2023-12-12","2024-12-01 14:06:12.193986+00","2024-12-01 14:06:12.193986+00","15651","new-site"
300,"Ineos","Diethyl Ether",8,"","","2023-12-19","2024-12-01 14:06:12.193986+00","2024-12-01 14:06:12.193986+00","15663","new-site"
301,"Kimia","Methanol",40,"23/1787/009","","2023-12-19","2024-12-01 14:06:12.193986+00","2024-12-01 14:06:12.193986+00","15671","new-site"
302,"Kimia","Ethanol",8,"23/1831/2023","","2023-12-19","2024-12-01 14:06:12.193986+00","2024-12-01 14:06:12.193986+00","15711","new-site"
303,"Geo","Heptane",40,"20231107-1","","2024-01-19","2024-12-01 14:06:12.193986+00","2024-12-01 14:06:12.193986+00","15719","new-site"
304,"Geo","Hexane 99",40,"20231031-1","","2024-01-19","2024-12-01 14:06:12.193986+00","2024-12-01 14:06:12.193986+00","15759","new-site"
305,"Tennants","Toluene",12,"788/12/23","","2024-01-19","2024-12-01 14:06:12.193986+00","2024-12-01 14:06:12.193986+00","15799","new-site"
306,"Kimia","Methanol",80,"24/0235/001","","2024-02-07","2024-12-01 14:06:12.193986+00","2024-12-01 14:06:12.193986+00","15900","new-site"
307,"Univar","Acetone",24,"4461700","","2024-02-12","2024-12-01 14:06:12.193986+00","2024-12-01 14:06:12.193986+00","15944","new-site"
308,"Kimia","Ethanol",7,"23/1831/005","","2024-02-19","2024-12-01 14:06:12.193986+00","2024-12-01 14:06:12.193986+00","15968","new-site"
309,"Kimia","2-Propanol",16,"24/0244/006","","2024-02-19","2024-12-01 14:06:12.193986+00","2024-12-01 14:06:12.193986+00","15975","new-site"
310,"Caldic","Pentane",12,"BO016619/a","","2024-02-21","2024-12-01 14:06:12.193986+00","2024-12-01 14:06:12.193986+00","15991","new-site"
311,"Not Recorded","tert-Butanol",4,"","","2024-02-21","2024-12-01 14:06:12.193986+00","2024-12-01 14:06:12.193986+00","16003","new-site"
312,"Caldic","Butyl Acetate",4,"BO028662","","2024-02-29","2024-12-01 14:06:12.193986+00","2024-12-01 14:06:12.193986+00","16007","new-site"
313,"Caldic","Pentane",24,"BO016619/b","","2024-02-29","2024-12-01 14:06:12.193986+00","2024-12-01 14:06:12.193986+00","16011","new-site"
314,"Lin","Chloroform",4,"3003M3TXD4","","2024-02-29","2024-12-01 14:06:12.193986+00","2024-12-01 14:06:12.193986+00","16035","new-site"
315,"Tennants","Methanol",4,"1314/02/24","","2024-03-05","2024-12-01 14:06:12.193986+00","2024-12-01 14:06:12.193986+00","16039","new-site"
316,"Caldic","Hexane",24,"","","2024-03-11","2024-12-01 14:06:12.193986+00","2024-12-01 14:06:12.193986+00","16043","new-site"
317,"Caldic","Pentane",24,"BO017196","","2024-03-25","2024-12-01 14:06:12.193986+00","2024-12-01 14:06:12.193986+00","16067","old-site"
318,"Innovynn","DCM",80,"81210764","","2024-04-04","2024-12-01 14:06:12.193986+00","2024-12-01 14:06:12.193986+00","16091","new-site"
319,"Not Recorded","Sulphuric Acid",2,"","","2024-04-06","2024-12-01 14:06:12.193986+00","2024-12-01 14:06:12.193986+00","16171","old-site"
320,"Tennants","N-Butanol",16,"214/03/24","","2024-04-09","2024-12-01 14:06:12.193986+00","2024-12-01 14:06:12.193986+00","16173","new-site"
321,"Kimia","Methanol",40,"24/0235/007","","2024-04-18","2024-12-01 14:06:12.193986+00","2024-12-01 14:06:12.193986+00","16189","new-site"
322,"Kimia","Methanol",40,"24/0235/008","","2024-04-18","2024-12-01 14:06:12.193986+00","2024-12-01 14:06:12.193986+00","16200","new-site"
323,"Oqema","1,2 DME",3,"DEG4654414","","2024-05-09","2024-12-01 14:06:12.193986+00","2024-12-01 14:06:12.193986+00","16229","old-site"
324,"Oqema","1,2 DME",3,"DEG4654415","","2024-05-09","2024-12-01 14:06:12.193986+00","2024-12-01 14:06:12.193986+00","16230","old-site"
325,"Oqema","1,2 DME",3,"DEG4654416","","2024-05-09","2024-12-01 14:06:12.193986+00","2024-12-01 14:06:12.193986+00","16231","old-site"
326,"Oqema","1,2 DME",3,"DEG4654417","","2024-05-09","2024-12-01 14:06:12.193986+00","2024-12-01 14:06:12.193986+00","16232","old-site"
328,"Promo","Cs2",24,"2403041170/b","","2024-05-14","2024-12-01 14:06:12.193986+00","2024-12-01 14:06:12.193986+00","16239","old-site"
329,"Brenntag","Acetonitrile",80,"IOR-24-05287","","2024-05-16","2024-12-01 14:06:12.193986+00","2024-12-01 14:06:12.193986+00","16258","new-site"
330,"Kimia","Ethanol",10,"24/0300/003","","2024-06-03","2024-12-01 14:06:12.193986+00","2024-12-01 14:06:12.193986+00","16426","new-site"
331,"ICC","Acetonitrile",16,"240219502B","","2024-06-11","2024-12-01 14:06:12.193986+00","2024-12-01 14:06:12.193986+00","16436","old-site"
332,"Nan-Ya","Tetrahydrofuran",16,"030624ARS","","2024-06-11","2024-12-01 14:06:12.193986+00","2024-12-01 14:06:12.193986+00","16452","old-site"
333,"Kimia","Methanol",40,"24/0735/005","","2024-06-18","2024-12-01 14:06:12.193986+00","2024-12-01 14:06:12.193986+00","16468","old-site"
334,"ICC FORMOSA","Acetonitrile",40,"P41418-5","","2024-07-02","2024-12-01 14:06:12.193986+00","2024-12-01 14:06:12.193986+00","16508","new-site"
335,"Univar","Acetic Acid",16,"212036","","2024-07-08","2024-12-01 14:06:12.193986+00","2024-12-01 14:06:12.193986+00","16548","new-site"
336,"Banner","Methyl CycloHexane",2,"GB11489584","","2024-07-09","2024-12-01 14:06:12.193986+00","2024-12-01 14:06:12.193986+00","16564","new-site"
337,"Univar","Acetone",24,"GB04494008","","2024-07-19","2024-12-01 14:06:12.193986+00","2024-12-01 14:06:12.193986+00","16566","new-site"
338,"Univar","Toluene",12,"GB04449655","","2024-07-19","2024-12-01 14:06:12.193986+00","2024-12-01 14:06:12.193986+00","16590","new-site"
339,"Univar","Ethyl Acetate",12,"GB4490857","","2024-07-19","2024-12-01 14:06:12.193986+00","2024-12-01 14:06:12.193986+00","16602","new-site"
340,"Carless","2,2,4 TMP",16,"68196","","2024-07-26","2024-12-01 14:06:12.193986+00","2024-12-01 14:06:12.193986+00","16614","new-site"
341,"Caldic","Pentane",24,"BO019748","","2024-07-29","2024-12-01 14:06:12.193986+00","2024-12-01 14:06:12.193986+00","16630","old-site"
342,"Caldic","Hexane",24,"BO028924","","2024-08-05","2024-12-01 14:06:12.193986+00","2024-12-01 14:06:12.193986+00","16654","new-site"
343,"Univar","Acetic Acid",8,"GB11496069","","2024-08-05","2024-12-01 14:06:12.193986+00","2024-12-01 14:06:12.193986+00","16678","new-site"
344,"Ineos","Diethyl Ether",8,"24505557","","2024-08-14","2024-12-01 14:06:12.193986+00","2024-12-01 14:06:12.193986+00","16686","old-site"
345,"Tennants","MEK",4,"700944","","2024-08-15","2024-12-01 14:06:12.193986+00","2024-12-01 14:06:12.193986+00","16694","new-site"
346,"Tennants","2-Propanol",24,"1883/08/24","","2024-08-21","2024-12-01 14:06:12.193986+00","2024-12-01 14:06:12.193986+00","16698","new-site"
347,"DOR","MTBE",24,"88649","","2024-08-28","2024-12-01 14:06:12.193986+00","2024-12-01 14:06:12.193986+00","16722","old-site"
348,"ICC","Acetonitrile",40,"240425502B","","2024-08-28","2024-12-01 14:06:12.193986+00","2024-12-01 14:06:12.193986+00","16738","new-site"
349,"Caldic","Pentane",24,"BO020326","","2024-09-10","2024-12-01 14:06:12.193986+00","2024-12-01 14:06:12.193986+00","16778","old-site"
350,"Univar","Methanol",40,"GB04497586","","2024-09-16","2024-12-01 14:06:12.193986+00","2024-12-01 14:06:12.193986+00","16802","new-site"
354,"Oqema","DMSO",4,"3202410717","","2024-10-02","2024-12-01 14:06:12.193986+00","2024-12-01 14:06:12.193986+00","16880","new-site"
358,"Inovyn","DCM",40,"290310846","","2024-10-25","2024-12-01 14:06:12.193986+00","2024-12-01 14:06:12.193986+00","16972","new-site"
351,"NCC","1,4 Dioxane",2,"P19E/04","","2024-09-26","2024-12-01 14:06:12.193986+00","2024-12-01 14:06:12.193986+00","16842","old-site"
353,"GEO","Heptane",24,"T-70720231107","","2024-10-02","2024-12-01 14:06:12.193986+00","2024-12-01 14:06:12.193986+00","16856","new-site"
355,"Univar","Methanol",40,"GB04502080","","2024-10-15","2024-12-01 14:06:12.193986+00","2024-12-01 14:06:12.193986+00","16884","new-site"
356,"Kimia","Ethanol",4,"24/1335/004","","2024-10-22","2024-12-01 14:06:12.193986+00","2024-12-01 14:06:12.193986+00","16924","new-site"
357,"Oqema","Methyl Formate",4,"59455488Q0","","2024-10-23","2024-12-01 14:06:12.193986+00","2024-12-01 14:06:12.193986+00","16968","new-site"
359,"Inovyn","Chloroform",4,"231113","","2024-10-25","2024-12-01 22:02:13.302733+00","2024-12-01 22:02:13.302733+00","17012","new-site"
360,"Kimia","Ethanol",12,"24/1933/006","","2024-11-14","2024-12-01 22:02:13.302733+00","2024-12-01 22:02:13.302733+00","17016","new-site"
361,"Tennants","Butyl Acetate",4,"233/10/24","","2024-11-14","2024-12-01 22:02:13.302733+00","2024-12-01 22:02:13.302733+00","17028","new-site"
362,"Univar","Acetic Acid",24,"GB11506440","","2024-11-14","2024-12-01 22:02:13.302733+00","2024-12-01 22:02:13.302733+00","17032","new-site"
363,"Kimia","Methanol",40,"24/1335/004/b","","2024-10-22","2024-12-01 22:11:57.776089+00","2024-12-01 22:11:57.776089+00","16928","new-site"
49,"Caldic","Acetone",24,"Bo019219-83","","2021-02-18","2024-12-01 14:06:12.193986+00","2024-12-01 14:06:12.193986+00","11830","new-site"
90,"Reissue","Diisopropyl Ether",1,"Reissue","","2021-07-15","2024-12-01 14:06:12.193986+00","2024-12-01 14:06:12.193986+00","12435","new-site"
47,"Caldic","Cyclohexane",2,"Bo013459","","2021-02-10","2024-12-01 14:06:12.193986+00","2024-12-01 14:06:12.193986+00","11804","old-site"
58,"Caldic","Cyclohexane",12,"BO1958","","2021-04-08","2024-12-01 14:06:12.193986+00","2024-12-01 14:06:12.193986+00","11956","new-site"
132,"Tennants","Cyclohexane",12,"1-11-5-21","","2022-01-26","2024-12-01 14:06:12.193986+00","2024-12-01 14:06:12.193986+00","13044","new-site"
192,"Tennants","Cyclohexane",12,"B2/05/22/a","","2022-10-03","2024-12-01 14:06:12.193986+00","2024-12-01 14:06:12.193986+00","14042","new-site"
216,"Tennants","Cyclohexane",8,"B2/05/22/b","","2023-01-19","2024-12-01 14:06:12.193986+00","2024-12-01 14:06:12.193986+00","14403","new-site"
248,"Tennants","Cyclohexane",12,"45079","","2023-07-11","2024-12-01 14:06:12.193986+00","2024-12-01 14:06:12.193986+00","15009","new-site"
249,"Tennants","Cyclohexane",12,"45445","","2023-07-11","2024-12-01 14:06:12.193986+00","2024-12-01 14:06:12.193986+00","15010","new-site"
250,"Tennants","Cyclohexane",12,"45810","","2023-07-11","2024-12-01 14:06:12.193986+00","2024-12-01 14:06:12.193986+00","15011","new-site"
251,"Tennants","Cyclohexane",12,"46175","","2023-07-11","2024-12-01 14:06:12.193986+00","2024-12-01 14:06:12.193986+00","15012","new-site"
252,"Tennants","Cyclohexane",12,"46540","","2023-07-11","2024-12-01 14:06:12.193986+00","2024-12-01 14:06:12.193986+00","15013","new-site"
253,"Tennants","Cyclohexane",12,"46906","","2023-07-11","2024-12-01 14:06:12.193986+00","2024-12-01 14:06:12.193986+00","15014","new-site"
254,"Tennants","Cyclohexane",12,"47271","","2023-07-11","2024-12-01 14:06:12.193986+00","2024-12-01 14:06:12.193986+00","15015","new-site"
255,"Tennants","Cyclohexane",12,"11111","","2023-07-11","2024-12-01 14:06:12.193986+00","2024-12-01 14:06:12.193986+00","15016","new-site"
257,"Tennants","Cyclohexane",12,"11842","","2023-07-11","2024-12-01 14:06:12.193986+00","2024-12-01 14:06:12.193986+00","15018","new-site"
258,"Tennants","Cyclohexane",12,"12207","","2023-07-11","2024-12-01 14:06:12.193986+00","2024-12-01 14:06:12.193986+00","15019","new-site"
259,"Tennants","Cyclohexane",12,"12572","","2023-07-11","2024-12-01 14:06:12.193986+00","2024-12-01 14:06:12.193986+00","15020","new-site"
352,"Caldic","Cyclohexane",12,"BO030098","","2024-10-02","2024-12-01 14:06:12.193986+00","2024-12-01 14:06:12.193986+00","16844","new-site"
256,"Tennants","Cyclohexane",12,"02/06/1931","","2023-07-11","2024-12-01 14:06:12.193986+00","2024-12-01 14:06:12.193986+00","15017","new-site"
327,"Promo","Cs2",24,"2403041170","","2024-05-14","2024-12-01 14:06:12.193986+00","2024-12-01 14:06:12.193986+00","16233","old-site"
